"青姦",0
"あそこ",0
アナル,0
アヌス,0
アホ,0
淫売,0
淫乱,0
陰核,0
陰茎,0
ウンチ,0
ＳＭ,0
エスキモー,0
穢多,0
ｴﾀ,0
エロ,0
おっぱい,0
オナニー,0
オナ二ー,0
オナニ,0
オナヌ,0
オナヌー,0
マスターベーション,0
マスタベーション,0
しこって,0
しこしこ,0
クンニ,0
フェラ,0
まんぐり,0
オナ二,0
おまんこ,0
オメコ,0
顔射,0
きちがい,0
金玉,0
糞（くそ）,0
黒んぼ,0
クリトリス,0
くんに,0
ゲス,0
強姦,0
肛門,0
コンドーム,0
殺,0
死,0
自慰,0
ジプシー,0
スカトロ,0
スペルマ,0
すまた,0
精液,0
性交,0
ＳＥＸ,0
せむし,0
せんずり,0
脱糞,0
チンカス,0
チンコ,0
チンポ,0
ペニス,0
きんたま,0
肉棒,0
勃起,0
金玉,0
ザーメン,0
射精,0
精子,0
セックス,0
S○X,0
乳首,0
ちくび,0
自慰,0
ちんちん,0
つんぼ,0
トルコ風呂,0
中出し,0
馬鹿,0
パイズリ,0
売女,0
白痴,0
土方,0
非人,0
びっこ,0
ファック,0
フェラ,0
部落,0
分際,0
放尿,0
ボケ,0
ポコチン,0
勃起,0
ﾏﾗ,0
めくら,0
乱交,0
レイプ,0
ヤリマン,0
センズリ,0
ばか,0
バカ,0
マラ,0
阿呆,0
まんこ,0
ちんこ,0
おちょんちょん,0
ま○こ,0
ヴァギナ,0
まんk,0
ちんk,0
ちんちん,0
パイズリ,0
ソープ,0
デリヘル,0
姦,0
包茎,0
ほうけい,0
童貞,0
どうてい,0
やりまん,0
性器,0
処女,0
バイブ,0
乱交,0
パイパン,0
中出し,0
中田氏,0
スカトロ,0
糞,0
うんこ,0
パコパコ,0
ホモ,0
homo,0
きもい,0
きめえ,0
きめぇ,0
きしょい,0
ばーか,0
fuck,0
f*ck,0
ファック,0
気違い,0
基地外,0
くたばれ,0
潰せ,0
bitch,0
ビッチ,0
死す,0
死な,0
死ぬ,0
しぬ,0
死ね,0
殺す,0
ころす,0
殺せ,0
殺そ,0
ばばあ,0
ばばぁ,0
大麻,0
麻薬,0
レイプ,0
犯し,0
創価,0